taxa_clean,wm_g,dm_g,keep_data
Simplisetia,0.2702,0.0206,TRUE
Simplisetia,0.2371,0.0233,TRUE
Simplisetia,0.1273,0.0074,TRUE
Simplisetia,0.0678,0.0015,TRUE
Simplisetia,0.2576,0.0157,TRUE
Simplisetia,0.0119,0.0027,TRUE
Simplisetia,0.0276,0.0026,TRUE
Simplisetia,0.0163,0.0018,TRUE
Simplisetia,0.0311,0.0052,TRUE
Simplisetia,1.1005,0.0699,FALSE
Simplisetia,0.8089,0.066,TRUE
Simplisetia,1.6536,0.1066,FALSE
Simplisetia,0.956,0.0558,TRUE
Simplisetia,1.3716,0.0901,FALSE
Simplisetia,0.9201,0.0804,TRUE
Simplisetia,1.443,0.124,FALSE
Simplisetia,1.3104,0.124,TRUE
Simplisetia,0.614,0.0437,TRUE
Simplisetia,0.5418,0.0688,TRUE
Simplisetia,1.6333,0.1797,FALSE
Simplisetia,0.6025,0.0483,TRUE
Simplisetia,0.2993,0.0291,TRUE
Simplisetia,0.2254,0.0266,TRUE
Simplisetia,0.5407,0.0666,TRUE
Simplisetia,2.8844,0.2941,FALSE
Simplisetia,1.9939,0.1811,FALSE
Simplisetia,2.4232,0.2462,FALSE
Simplisetia,1.5933,0.1825,FALSE
Simplisetia,1.2772,0.1226,TRUE
Simplisetia,2.4156,0.2318,FALSE
Simplisetia,1.9861,0.192,FALSE
Simplisetia,0.3294,0.023,TRUE
Simplisetia,1.1412,0.0789,TRUE
Simplisetia,0.5744,0.0343,TRUE
Simplisetia,1.1355,0.0714,FALSE
Simplisetia,1.0154,0.059,FALSE
Simplisetia,0.482,0.0574,TRUE
Simplisetia,0.2999,0.0278,TRUE
Simplisetia,0.2691,0.0254,TRUE
Simplisetia,0.335,0.0313,TRUE
Simplisetia,0.0279,0.0094,TRUE
Simplisetia,0.0134,0.001,FALSE
Simplisetia,0.1025,0.0051,TRUE
Simplisetia,0.1237,0.005,TRUE
Simplisetia,0.0728,0.0051,TRUE
Simplisetia,0.0275,0.0019,TRUE
Simplisetia,0.0394,0.0025,TRUE
Simplisetia,0.0788,0.0057,TRUE
Simplisetia,0.0768,0.0045,TRUE
Simplisetia,1.2169,0.0716,FALSE
Simplisetia,1.0665,0.0879,TRUE
Simplisetia,1.3585,0.1094,TRUE
Simplisetia,1.4694,0.1091,FALSE
Simplisetia,1.0434,0.0587,FALSE
Simplisetia,0.3943,0.0284,TRUE
Simplisetia,0.1293,0.0135,TRUE
Simplisetia,0.8228,0.043,TRUE
Simplisetia,0.2883,0.0193,TRUE
Simplisetia,0.57,0.0268,TRUE
Simplisetia,0.0298,0.0013,TRUE
Simplisetia,0.4255,0.0334,TRUE
Simplisetia,0.2176,0.0147,TRUE
Simplisetia,0.0297,0.0045,TRUE
Simplisetia,0.2914,0.0217,TRUE
Simplisetia,0.2783,0.018,TRUE
Simplisetia,0.0188,0.0015,TRUE
Simplisetia,0.3553,0.0216,TRUE
Simplisetia,0.0473,0.0019,TRUE
Simplisetia,0.1824,0.0082,TRUE
Simplisetia,0.1795,0.0114,TRUE
Simplisetia,0.2536,0.0139,TRUE
Simplisetia,0.0293,0.0025,TRUE
Simplisetia,0.2408,0.0204,TRUE
Simplisetia,0.0315,0.0016,TRUE
Simplisetia,0.1263,0.0101,TRUE
Simplisetia,0.0287,0.0024,TRUE
Simplisetia,0.0746,0.009,TRUE
Simplisetia,0.0167,0.0015,TRUE
Simplisetia,0.04,0.0027,TRUE
Simplisetia,0.0577,0.0031,TRUE
Simplisetia,0.9822,0.102,TRUE
Simplisetia,0.7722,0.0734,TRUE
Simplisetia,0.5848,0.0381,TRUE
Simplisetia,0.9883,0.1048,TRUE
Simplisetia,0.9861,0.1063,TRUE
Simplisetia,0.3491,0.0266,TRUE
Simplisetia,0.2707,0.0169,TRUE
Simplisetia,0.3754,0.0264,TRUE
Simplisetia,0.3399,0.0244,TRUE
Simplisetia,0.575,0.0556,TRUE
Simplisetia,0.0296,0.0047,TRUE
Simplisetia,0.01,0.0011,FALSE
Simplisetia,1.186,0.0981,TRUE
Simplisetia,0.4249,0.0342,TRUE
Simplisetia,0.6141,0.0577,TRUE
Simplisetia,0.0664,0.004,TRUE
Simplisetia,0.08,0.0049,TRUE
Simplisetia,0.209,0.0132,TRUE
Simplisetia,0.1278,0.0109,TRUE
Simplisetia,0.1543,0.0107,TRUE
Simplisetia,0.2604,0.0135,TRUE
Simplisetia,0.377,0.0187,TRUE
Simplisetia,0.6088,0.064,TRUE
Simplisetia,0.7083,0.0597,TRUE
Simplisetia,0.3555,0.053,TRUE
Simplisetia,0.3959,0.0514,TRUE
Simplisetia,0.3171,0.0512,TRUE
Simplisetia,0.0052,0.0048,FALSE
Simplisetia,1.7684,0.1959,FALSE
Simplisetia,2.3145,0.1795,FALSE
Simplisetia,0.0167,0.0012,FALSE
Simplisetia,0.0591,0.0036,TRUE
Simplisetia,0.0239,0.0012,FALSE
Simplisetia,0.492,0.0399,TRUE
Simplisetia,0.0269,0.0024,TRUE
Simplisetia,0.0467,0.0035,TRUE
Simplisetia,0.0467,0.0035,TRUE
Simplisetia,0.0757,0.0069,TRUE
Simplisetia,0.191,0.0159,TRUE
Simplisetia,0.2392,0.0194,TRUE
Simplisetia,0.5014,0.06,TRUE
Simplisetia,0.1324,0.0042,TRUE
Simplisetia,0.3949,0.051,TRUE
Simplisetia,0.386,0.0217,TRUE
Simplisetia,0.6458,0.0394,TRUE
Simplisetia,0.9192,0.0933,TRUE
Simplisetia,0.9995,0.0672,TRUE
Simplisetia,1.2462,0.0792,FALSE
Simplisetia,0.9706,0.0584,TRUE
Simplisetia,0.1282,0.0095,TRUE
Simplisetia,0.1053,0.0063,TRUE
Simplisetia,0.0344,0.0015,TRUE
Simplisetia,0.1822,0.0143,TRUE
Simplisetia,0.2708,0.0302,TRUE
Simplisetia,0.2222,0.012,TRUE
Simplisetia,0.2632,0.0231,TRUE
Simplisetia,0.145,0.0095,TRUE
Simplisetia,0.3407,0.0252,TRUE
Simplisetia,0.4342,0.0397,TRUE
Simplisetia,0.5298,0.0428,TRUE
Simplisetia,0.6291,0.0258,TRUE
Simplisetia,0.48,0.049,TRUE
Simplisetia,0.0678,0.0041,TRUE
Simplisetia,0.0686,0.0025,TRUE
Simplisetia,0.1286,0.0154,TRUE
Simplisetia,0.0049,0.0026,FALSE
Simplisetia,0.399,0.0211,TRUE
Simplisetia,0.6101,0.0479,TRUE
Simplisetia,0.4232,0.0236,TRUE
Simplisetia,1.1673,0.0802,FALSE
Simplisetia,0.005,0.0045,FALSE
Simplisetia,0.0861,0.0097,TRUE
Simplisetia,0.4013,0.0233,TRUE
Simplisetia,0.16,0.0145,TRUE
Simplisetia,0.4238,0.0599,TRUE
Simplisetia,0.6435,0.0928,TRUE
Simplisetia,0.4882,0.0443,TRUE
Simplisetia,0.2968,0.0376,TRUE
Simplisetia,0.3952,0.0328,TRUE
Simplisetia,0.364,0.0301,TRUE
Simplisetia,0.3807,0.0224,TRUE
Simplisetia,0.0422,0.001,FALSE
Simplisetia,0.1789,0.0242,TRUE
Simplisetia,0.3564,0.0514,TRUE
Simplisetia,0.9387,0.1326,FALSE
Simplisetia,0.8502,0.1182,FALSE
Simplisetia,0.2977,0.0195,TRUE
Simplisetia,0.0756,0.0048,TRUE
Simplisetia,0.3072,0.0218,TRUE
Simplisetia,0.0656,0.0044,TRUE
Simplisetia,0.0108,0.0032,FALSE
Simplisetia,0.0382,0.0028,TRUE
Simplisetia,1.2297,0.1001,TRUE
Simplisetia,1.0456,0.0679,TRUE
Simplisetia,0.6384,0.0274,TRUE
Simplisetia,0.1622,0.0089,TRUE
Simplisetia,0.0366,0.0016,TRUE
Simplisetia,0.1268,0.0087,TRUE
Simplisetia,0.4289,0.0824,FALSE
Simplisetia,0.3353,0.0383,TRUE
Simplisetia,0.1751,0.0063,TRUE
Simplisetia,0.1582,0.0099,TRUE
Simplisetia,0.2329,0.0174,TRUE
Simplisetia,0.1959,0.0135,TRUE
Simplisetia,0.2346,0.0137,TRUE
Simplisetia,0.0896,0.0074,TRUE
Simplisetia,0.3249,0.0209,TRUE
Simplisetia,0.2481,0.0273,TRUE
Simplisetia,0.069,0.0043,TRUE
Simplisetia,0.2086,0.0064,TRUE
Simplisetia,0.473,0.0753,TRUE
Simplisetia,1.05,0.113,TRUE
Simplisetia,0.4396,0.0463,TRUE
Simplisetia,0.4549,0.049,TRUE
Chironomidae,0.0854,0.0307,TRUE
Chironomidae,0.0393,0.0066,TRUE
Chironomidae,0.047,0.008,TRUE
Chironomidae,0.0389,0.0069,TRUE
Chironomidae,0.0254,0.0048,TRUE
Chironomidae,0.0052,0.0013,TRUE
Chironomidae,0.0058,0.0031,TRUE
Chironomidae,0.0039,0.0027,TRUE
Chironomidae,0.082,0.015,TRUE
Chironomidae,0.1729,0.0309,FALSE
Chironomidae,0.0343,0.0061,TRUE
Chironomidae,0.035,0.0073,TRUE
Chironomidae,0.1329,0.0274,FALSE
Chironomidae,0.03,0.0051,TRUE
Chironomidae,0.0278,0.0046,TRUE
Chironomidae,0.0084,0.0012,TRUE
Chironomidae,0.0581,0.0091,TRUE
Chironomidae,0.0125,0.0024,TRUE
Chironomidae,0.007,0.001,FALSE
Chironomidae,0.007,0.0011,TRUE
Chironomidae,0.0056,0.0012,TRUE
Chironomidae,0.0585,0.0108,TRUE
Chironomidae,0.0042,0.001,FALSE
Chironomidae,0.0529,0.0093,TRUE
Chironomidae,0.0174,0.002,TRUE
Chironomidae,0.03,0.0055,TRUE
Chironomidae,0.0127,0.0017,TRUE
Chironomidae,0.0311,0.0064,TRUE
Chironomidae,0.0022,0.0011,FALSE
Chironomidae,0.0035,0.0014,TRUE
Chironomidae,0.0056,0.002,TRUE
Chironomidae,0.0857,0.0175,TRUE
Chironomidae,0.0541,0.0131,TRUE
Chironomidae,0.0791,0.0166,TRUE
Chironomidae,0.057,0.0103,TRUE
Chironomidae,0.0566,0.0098,TRUE
Chironomidae,0.0753,0.0181,TRUE
Chironomidae,0.13,0.029,TRUE
Chironomidae,0.105,0.0181,TRUE
Chironomidae,0.0163,0.0033,TRUE
Chironomidae,0.0131,0.0013,TRUE
Chironomidae,0.0241,0.0046,TRUE
Chironomidae,0.0612,0.0045,TRUE
Chironomidae,0.0302,0.0017,TRUE
Chironomidae,0.0082,0.0015,TRUE
Chironomidae,0.0479,0.0081,TRUE
Chironomidae,0.0033,0.0024,TRUE
Chironomidae,0.0016,0.0011,FALSE
Chironomidae,0.0401,0.0071,TRUE
Chironomidae,0.0265,0.0053,TRUE
Chironomidae,0.0285,0.0043,TRUE
Chironomidae,0.017,0.0045,TRUE
Chironomidae,0.0071,0.0012,TRUE
Chironomidae,0.0489,0.0115,TRUE
Chironomidae,0.0049,0.0014,TRUE
Chironomidae,0.0064,0.0012,TRUE
Chironomidae,0.0069,0.0011,TRUE
Chironomidae,0.0392,0.0069,TRUE
Chironomidae,0.0083,0.0024,TRUE
Chironomidae,0.0131,0.0024,TRUE
Chironomidae,0.0052,0.0012,TRUE
Chironomidae,0.0206,0.0056,TRUE
Chironomidae,0.0045,0.0013,TRUE
Chironomidae,0.0053,0.0014,TRUE
Chironomidae,0.0036,0.0011,TRUE
Chironomidae,0.0059,0.0012,TRUE
Chironomidae,0.0291,0.0048,TRUE
Chironomidae,0.013,0.0026,TRUE
Chironomidae,0.0148,0.0031,TRUE
Chironomidae,0.0234,0.0042,TRUE
Chironomidae,0.0481,0.0102,TRUE
Chironomidae,0.0089,0.0015,TRUE
Chironomidae,0.0316,0.009,TRUE
Chironomidae,0.0247,0.0058,TRUE
Chironomidae,0.0987,0.0187,TRUE
Chironomidae,0.0773,0.0167,TRUE
Chironomidae,0.0093,0.0025,TRUE
Chironomidae,0.0117,0.0035,TRUE
Chironomidae,0.0148,0.0033,TRUE
Chironomidae,0.0054,0.0019,TRUE
Chironomidae,0.0029,0.0022,TRUE
Chironomidae,0.1065,0.0151,TRUE
Chironomidae,0.0045,0.0012,TRUE
Chironomidae,0.0051,0.0013,TRUE
Chironomidae,0.0076,0.0022,TRUE
Chironomidae,0.0742,0.0099,TRUE
Chironomidae,0.1826,0.0184,FALSE
Chironomidae,0.0351,0.0125,TRUE
Chironomidae,0.0854,0.0248,TRUE
Chironomidae,0.0055,0.0015,TRUE
Chironomidae,0.0037,0.0018,TRUE
Chironomidae,0.0081,0.0015,TRUE
Chironomidae,0.0028,0.0023,FALSE
Chironomidae,0.0053,0.0014,TRUE
Chironomidae,0.0145,0.0048,TRUE
Chironomidae,0.0188,0.0026,TRUE
Chironomidae,0.0206,0.0049,TRUE
Chironomidae,0.1688,0.023,FALSE
Chironomidae,0.0386,0.01,TRUE
Chironomidae,0.1906,0.0352,FALSE
Chironomidae,0.1941,0.0393,FALSE
Chironomidae,0.0701,0.0043,TRUE
Chironomidae,0.1387,0.0258,FALSE
Chironomidae,0.012,0.0025,TRUE
Chironomidae,0.0391,0.0168,TRUE
Chironomidae,0.0797,0.0778,FALSE
Chironomidae,0.0186,0.0035,TRUE
Chironomidae,0.0133,0.0032,TRUE
Chironomidae,0.1832,0.0691,FALSE
Chironomidae,0.1204,0.0444,FALSE
Chironomidae,0.0549,0.0128,TRUE
Chironomidae,0.0849,0.0211,TRUE
Chironomidae,0.0039,0.0011,TRUE
Chironomidae,0.154,0.0286,FALSE
Chironomidae,0.0052,0.0012,TRUE
Chironomidae,0.0671,0.0115,TRUE
Chironomidae,0.0424,0.0078,TRUE
Chironomidae,0.0688,0.0341,FALSE
Chironomidae,0.0484,0.0092,TRUE
Chironomidae,0.0425,0.0048,TRUE
Chironomidae,0.0393,0.0078,TRUE
Chironomidae,0.2673,0.0515,FALSE
Chironomidae,0.0116,0.0025,TRUE
Chironomidae,0.0128,0.0021,TRUE
Chironomidae,0.0479,0.0099,TRUE
Chironomidae,0.0203,0.0048,TRUE
Chironomidae,0.0106,0.0055,TRUE
Chironomidae,0.011,0.0036,TRUE
Chironomidae,0.0099,0.002,TRUE
Chironomidae,0.234,0.0511,FALSE
Chironomidae,0.054,0.0151,TRUE
Chironomidae,0.0266,0.0045,TRUE
Chironomidae,0.0046,0.001,FALSE
Chironomidae,0.0041,0.0011,TRUE
Chironomidae,0.012,0.0046,TRUE
Chironomidae,0.0146,0.0018,TRUE
Chironomidae,0.0021,0.0013,FALSE
Amphipoda,0.0302,0.0053,TRUE
Amphipoda,0.0173,0.0025,TRUE
Amphipoda,0.0188,0.0039,TRUE
Amphipoda,0.0143,0.0026,TRUE
Amphipoda,0.2021,0.0297,TRUE
Amphipoda,0.1501,0.0192,TRUE
Amphipoda,0.1235,0.0232,TRUE
Amphipoda,0.1107,0.0142,TRUE
Amphipoda,0.1868,0.0243,TRUE
Amphipoda,0.1079,0.0157,TRUE
Amphipoda,0.0513,0.0098,TRUE
Amphipoda,0.092,0.0146,TRUE
Amphipoda,0.0464,0.0075,TRUE
Amphipoda,0.1298,0.0183,TRUE
Amphipoda,0.0504,0.0097,TRUE
Amphipoda,0.0267,0.0024,TRUE
Amphipoda,0.1276,0.0193,TRUE
Amphipoda,0.0747,0.0127,TRUE
Amphipoda,0.2432,0.0291,TRUE
Amphipoda,0.1279,0.0178,TRUE
Amphipoda,0.0289,0.0038,TRUE
Amphipoda,0.0925,0.0135,TRUE
Amphipoda,0.0417,0.0066,TRUE
Amphipoda,0.122,0.0186,TRUE
Amphipoda,0.076,0.0109,TRUE
Amphipoda,0.786,0.1036,FALSE
Amphipoda,0.5043,0.0633,FALSE
Amphipoda,0.8211,0.09,FALSE
Amphipoda,0.3296,0.0402,TRUE
Amphipoda,0.2255,0.0323,TRUE
Amphipoda,0.903,0.0965,FALSE
Amphipoda,0.2606,0.0328,TRUE
Amphipoda,0.0898,0.018,TRUE
Amphipoda,0.0468,0.0083,TRUE
Amphipoda,0.2544,0.0362,TRUE
Amphipoda,0.4204,0.053900000000000003,TRUE
Amphipoda,0.1843,0.0309,TRUE
Amphipoda,0.6448,0.0807,FALSE
Amphipoda,0.7547,0.1139,FALSE
Amphipoda,0.901,0.1166,FALSE
Amphipoda,0.8385,0.1094,FALSE
Amphipoda,0.0095,0.0012,FALSE
Amphipoda,0.1887,0.0272,TRUE
Amphipoda,0.2477,0.0336,TRUE
Amphipoda,0.2079,0.0333,TRUE
Amphipoda,0.284,0.0457,TRUE
Amphipoda,0.17,0.0301,TRUE
Amphipoda,0.0536,0.0065,TRUE
Amphipoda,0.0704,0.0072,TRUE
Amphipoda,0.0129,0.0018,TRUE
Amphipoda,0.0156,0.002,TRUE
Amphipoda,0.0416,0.0061,TRUE
Amphipoda,0.0175,0.002,TRUE
Amphipoda,0.0187,0.0023,TRUE
Amphipoda,0.0118,0.0017,TRUE
Amphipoda,0.0146,0.0015,TRUE
Amphipoda,0.0224,0.0036,TRUE
Amphipoda,0.0272,0.0035,TRUE
Amphipoda,0.0153,0.0019,TRUE
Amphipoda,0.3487,0.0423,TRUE
Amphipoda,0.0325,0.0045,TRUE
Amphipoda,0.0174,0.0024,TRUE
Amphipoda,0.0674,0.0082,TRUE
Amphipoda,0.0188,0.0037,TRUE
Amphipoda,0.1414,0.0226,TRUE
Amphipoda,0.1811,0.0282,TRUE
Amphipoda,0.0154,0.0022,TRUE
Amphipoda,0.1878,0.0227,TRUE
Amphipoda,0.1767,0.0253,TRUE
Amphipoda,0.1774,0.0204,TRUE
Amphipoda,0.1484,0.0192,TRUE
Amphipoda,0.3906,0.0286,FALSE
Amphipoda,0.0292,0.0045,TRUE
Amphipoda,0.1792,0.0255,TRUE
Amphipoda,0.0414,0.0061,TRUE
Amphipoda,0.1121,0.0191,TRUE
Amphipoda,0.0519,0.0086,TRUE
Amphipoda,0.0435,0.0054,TRUE
Amphipoda,0.0641,0.0088,TRUE
Amphipoda,0.0362,0.005,TRUE
Amphipoda,0.0129,0.0019,TRUE
Amphipoda,0.0575,0.0074,TRUE
Amphipoda,0.0101,0.0082,TRUE
Amphipoda,0.1329,0.0204,TRUE
Amphipoda,0.0842,0.0133,TRUE
Amphipoda,0.0573,0.0092,TRUE
Amphipoda,0.1222,0.0225,TRUE
Amphipoda,0.0499,0.0085,TRUE
Amphipoda,0.0933,0.0125,TRUE
Amphipoda,0.0217,0.0019,TRUE
Amphipoda,0.0452,0.0059,TRUE
Amphipoda,0.0683,0.012,TRUE
Amphipoda,0.1447,0.0201,TRUE
Amphipoda,0.0652,0.0149,TRUE
Amphipoda,0.1646,0.029,TRUE
Amphipoda,0.0765,0.0127,TRUE
Amphipoda,0.1468,0.0202,TRUE
Amphipoda,0.0649,0.0096,TRUE
Amphipoda,0.0307,0.0061,TRUE
Amphipoda,1.0976,0.2392,FALSE
Amphipoda,0.1942,0.0376,TRUE
Amphipoda,0.1469,0.0233,TRUE
Amphipoda,0.9729,0.1486,FALSE
Amphipoda,0.2349,0.0374,TRUE
Amphipoda,0.206,0.0339,TRUE
Amphipoda,0.4173,0.0701,TRUE
Amphipoda,0.4236,0.0691,TRUE
Amphipoda,0.446,0.072,TRUE
Amphipoda,0.3434,0.0492,TRUE
Amphipoda,0.1385,0.0224,TRUE
Amphipoda,0.1495,0.0193,TRUE
Amphipoda,0.191,0.0282,TRUE
Amphipoda,0.233,0.032,TRUE
Amphipoda,0.2509,0.0333,TRUE
Amphipoda,0.2086,0.0387,TRUE
Amphipoda,0.2549,0.0336,TRUE
Amphipoda,0.1233,0.0191,TRUE
Amphipoda,0.0844,0.0152,TRUE
Amphipoda,0.2186,0.033,TRUE
Amphipoda,0.1825,0.0274,TRUE
Amphipoda,0.3627,0.0567,TRUE
Amphipoda,0.2212,0.0372,TRUE
Amphipoda,0.2295,0.0296,TRUE
Amphipoda,0.2309,0.0397,TRUE
Amphipoda,0.0215,0.0039,TRUE
Amphipoda,0.0325,0.0055,TRUE
Amphipoda,0.0211,0.0037,TRUE
Amphipoda,0.0181,0.0029,TRUE
Amphipoda,0.0286,0.0056,TRUE
Amphipoda,0.0563,0.0091,TRUE
Amphipoda,0.0503,0.0082,TRUE
Amphipoda,0.0387,0.0033,TRUE
Amphipoda,0.0113,0.0026,TRUE
Amphipoda,0.0113,0.0026,TRUE
Amphipoda,0.0476,0.0078,TRUE
Amphipoda,0.0228,0.0052,TRUE
Amphipoda,0.0333,0.0045,TRUE
Amphipoda,0.0188,0.0042,TRUE
Amphipoda,0.009,0.0018,TRUE
Amphipoda,0.0111,0.0017,TRUE
Amphipoda,0.0472,0.0056,TRUE
Amphipoda,0.0656,0.0078,TRUE
Amphipoda,0.0057,0.0045,FALSE
Amphipoda,0.0237,0.0044,TRUE
Amphipoda,0.0219,0.0033,TRUE
Amphipoda,0.0205,0.0032,TRUE
Amphipoda,0.0127,0.0017,TRUE
Amphipoda,0.0106,0.0029,TRUE
Amphipoda,0.0237,0.0166,TRUE
Amphipoda,0.0118,0.001,FALSE
Amphipoda,0.0085,0.002,TRUE
Amphipoda,0.0063,0.0021,TRUE
Amphipoda,0.0283,0.016,TRUE
Amphipoda,0.0041,0.0017,FALSE
Amphipoda,0.0307,0.0046,TRUE
Amphipoda,0.024,0.0027,TRUE
Amphipoda,0.0123,0.0019,TRUE
Amphipoda,0.0403,0.0048,TRUE
Amphipoda,0.0259,0.0166,TRUE
Amphipoda,0.0271,0.0042,TRUE
Amphipoda,0.0112,0.0019,TRUE
Amphipoda,0.0253,0.0025,TRUE
Amphipoda,0.005,0.0015,FALSE
Amphipoda,0.0269,0.0034,TRUE
Amphipoda,0.0125,0.0015,TRUE
Amphipoda,0.0211,0.0035,TRUE
Amphipoda,0.0372,0.0071,TRUE
Amphipoda,0.5738,0.0934,FALSE
Amphipoda,0.3734,0.0508,TRUE
Amphipoda,0.152,0.0185,TRUE
Amphipoda,0.473,0.0644,TRUE
Amphipoda,0.017,0.0031,TRUE
Amphipoda,0.0162,0.0028,TRUE
Amphipoda,0.4391,0.0626,TRUE
Amphipoda,0.2354,0.0346,TRUE
Amphipoda,0.2571,0.0377,TRUE
Amphipoda,0.3068,0.0372,TRUE
Amphipoda,0.0668,0.0083,TRUE
Amphipoda,0.0738,0.0079,TRUE
Amphipoda,0.0613,0.012,TRUE
Amphipoda,0.0176,0.0035,TRUE
Amphipoda,0.1889,0.0277,TRUE
Amphipoda,0.0863,0.0108,TRUE
Amphipoda,0.0934,0.0104,TRUE
Amphipoda,0.0128,0.0025,TRUE
Amphipoda,0.0225,0.0019,TRUE
Amphipoda,0.0169,0.0041,TRUE
Amphipoda,0.1357,0.0175,TRUE
Amphipoda,0.1025,0.0152,TRUE
Amphipoda,0.1206,0.0168,TRUE
Amphipoda,0.0407,0.0056,TRUE
Amphipoda,0.0595,0.0095,TRUE
Amphipoda,0.2034,0.0281,TRUE
Amphipoda,0.1039,0.0137,TRUE
Amphipoda,0.1147,0.0162,TRUE
Amphipoda,0.0039,0.0013,FALSE
Amphipoda,0.0231,0.0026,TRUE
Amphipoda,0.1076,0.0136,TRUE
Amphipoda,0.0243,0.003,TRUE
Amphipoda,0.0026,0.0011,FALSE
Amphipoda,0.0485,0.0039,TRUE
Amphipoda,0.0023,0.0019,FALSE
Amphipoda,0.0418,0.0032,TRUE
Amphipoda,0.0642,0.0086,TRUE
Amphipoda,0.0392,0.0052,TRUE
Amphipoda,0.0846,0.0157,TRUE
Amphipoda,0.1008,0.0152,TRUE
Amphipoda,0.1105,0.0181,TRUE
Amphipoda,0.076,0.0095,TRUE
Amphipoda,0.0179,0.0031,TRUE
Amphipoda,0.2151,0.0268,TRUE
Amphipoda,1.7874,0.2455,FALSE
Amphipoda,0.0216,0.0031,TRUE
Amphipoda,0.0144,0.0019,TRUE
Amphipoda,0.0564,0.0073,TRUE
Amphipoda,0.1125,0.0107,TRUE
Amphipoda,0.0203,0.0027,TRUE
Amphipoda,0.018,0.0035,TRUE
Amphipoda,0.0326,0.0042,TRUE
Amphipoda,0.0092,0.0013,FALSE
Amphipoda,0.1656,0.0182,TRUE
Amphipoda,0.0115,0.002,TRUE
Amphipoda,0.182,0.0276,TRUE
Amphipoda,0.0234,0.0035,TRUE
Amphipoda,0.0173,0.0018,TRUE
Amphipoda,0.0209,0.0028,TRUE
Arthritica,1.1183,0.5609,TRUE
Arthritica,1.3663,0.7619,TRUE
Arthritica,1.0121,0.57,TRUE
Arthritica,0.8531,0.4329,TRUE
Arthritica,1.4014,0.7654,TRUE
Arthritica,1.7298,0.9357,FALSE
Arthritica,2.7704,1.6711,FALSE
Arthritica,2.1586,1.2384,FALSE
Arthritica,1.5405,0.8667,TRUE
Arthritica,2.0235,1.0755,FALSE
Arthritica,2.9812,1.5798,FALSE
Arthritica,0.6557,0.3721,TRUE
Arthritica,1.0131,0.5284,TRUE
Arthritica,2.0061,1.0942,FALSE
Arthritica,1.3967,0.7043,FALSE
Arthritica,0.7174,0.3631,TRUE
Arthritica,1.0001,0.5498,TRUE
Arthritica,1.7758,0.8967,FALSE
Arthritica,2.9989,1.6548,FALSE
Arthritica,2.4076,1.3418,FALSE
Arthritica,3.1286,1.5986,FALSE
Arthritica,1.8348,1.0104,FALSE
Arthritica,2.4192,1.4325,FALSE
Arthritica,2.3236,1.3166,FALSE
Arthritica,1.822,1.0731,FALSE
Arthritica,2.0047,1.0604,FALSE
Arthritica,2.9643,1.4996,FALSE
Arthritica,1.4427,0.7836,TRUE
Arthritica,1.9264,0.9535,FALSE
Arthritica,1.3098,0.7689,TRUE
Arthritica,0.9351,0.5773,TRUE
Arthritica,1.4451,0.8417,TRUE
Arthritica,1.3007,0.7168,TRUE
Arthritica,0.6657,0.3415,TRUE
Arthritica,0.73,0.4249,TRUE
Arthritica,0.8108,0.437,TRUE
Arthritica,1.4381,0.7153,FALSE
Arthritica,1.6282,0.8054,FALSE
Arthritica,1.2347,0.7834,FALSE
Arthritica,1.1801,0.7589,FALSE
Arthritica,1.5644,0.9426,FALSE
Arthritica,1.4066,0.9109,FALSE
Arthritica,0.0064,0.0033,TRUE
Arthritica,0.0247,0.0157,TRUE
Arthritica,0.0101,0.0055,TRUE
Arthritica,0.0178,0.0118,TRUE
Arthritica,0.005,0.0029,TRUE
Arthritica,0.0399,0.0219,TRUE
Arthritica,0.0855,0.0488,TRUE
Arthritica,0.1839,0.099,TRUE
Arthritica,0.1654,0.1036,TRUE
Arthritica,0.1515,0.0917,TRUE
Arthritica,0.5865,0.3043,TRUE
Arthritica,0.8724,0.4391,TRUE
Arthritica,1.2001,0.5652,FALSE
Arthritica,1.2663,0.5637,FALSE
Arthritica,1.3622,0.5675,FALSE
Arthritica,0.0192,0.0089,TRUE
Arthritica,0.0035,0.0015,FALSE
Arthritica,0.0052,0.0021,TRUE
Arthritica,0.1415,0.0783,TRUE
Arthritica,0.3303,0.1583,TRUE
Arthritica,0.3914,0.1927,TRUE
Arthritica,0.5189,0.2753,TRUE
Arthritica,0.226,0.1169,TRUE
Arthritica,0.5137,0.3197,TRUE
Arthritica,0.209,0.1619,TRUE
Arthritica,0.2412,0.1641,TRUE
Arthritica,0.265,0.1559,TRUE
Arthritica,0.5421,0.3115,TRUE
Arthritica,0.1468,0.0773,TRUE
Arthritica,0.2852,0.1318,TRUE
Arthritica,0.3074,0.1432,TRUE
Arthritica,0.2189,0.1036,TRUE
Arthritica,0.0314,0.0143,TRUE
Arthritica,0.1721,0.0947,TRUE
Arthritica,0.2334,0.1485,TRUE
Arthritica,0.0785,0.0427,TRUE
Arthritica,0.2386,0.1475,TRUE
Arthritica,0.1755,0.1013,TRUE
Arthritica,0.2114,0.1117,TRUE
Arthritica,0.5179,0.37,TRUE
Arthritica,0.6561,0.4232,TRUE
Arthritica,0.7126,0.4683,TRUE
Arthritica,0.5305,0.3562,TRUE
Arthritica,0.0079,0.0035,TRUE
Arthritica,0.0092,0.0045,TRUE
Arthritica,0.0028,0.0018,FALSE
Arthritica,0.0139,0.0074,TRUE
Arthritica,0.0041,0.0015,FALSE
Arthritica,0.7515,0.4624,TRUE
Arthritica,0.7644,0.4482,TRUE
Arthritica,0.0934,0.0547,TRUE
Arthritica,0.4675,0.333,TRUE
Arthritica,1.1602,0.6323,TRUE
Arthritica,0.014,0.0073,TRUE
Arthritica,0.0027,0.0018,FALSE
Arthritica,0.9538,0.5156,TRUE
Arthritica,1.4285,0.7166,FALSE
Arthritica,1.1668,0.6214,TRUE
Arthritica,1.2278,0.7128,TRUE
Arthritica,0.754,0.3864,TRUE
Arthritica,0.0585,0.0274,TRUE
Arthritica,0.1496,0.0674,TRUE
Arthritica,0.0014,0.001,FALSE
Arthritica,0.0356,0.0147,TRUE
Arthritica,0.2549,0.1359,TRUE
Arthritica,0.3251,0.1657,TRUE
Arthritica,0.3168,0.1599,TRUE
Arthritica,1.5387,0.8532,TRUE
Arthritica,1.0025,0.5345,TRUE
Arthritica,0.1283,0.0636,TRUE
Arthritica,0.1581,0.0806,TRUE
Arthritica,0.1455,0.0705,TRUE
Arthritica,0.1218,0.0686,TRUE
Arthritica,0.1459,0.0773,TRUE
Arthritica,0.9829,0.6414,FALSE
Arthritica,1.0893,0.6427,TRUE
Arthritica,1.0022,0.6456,FALSE
Arthritica,1.5499,0.9388,FALSE
Arthritica,1.1854,0.7066,TRUE
Arthritica,0.1368,0.0839,TRUE
Arthritica,0.0912,0.0581,TRUE
Arthritica,0.1311,0.0898,TRUE
Arthritica,0.0997,0.0603,TRUE
Arthritica,0.0753,0.0466,TRUE
Arthritica,0.5922,0.2895,TRUE
Arthritica,0.5206,0.2495,TRUE
Arthritica,0.5306,0.2817,TRUE
Arthritica,0.1728,0.0907,TRUE
Arthritica,0.1285,0.0711,TRUE
Arthritica,0.0284,0.0146,TRUE
Arthritica,0.0212,0.0107,TRUE
Arthritica,0.0158,0.007,TRUE
Arthritica,0.0162,0.0086,TRUE
Arthritica,0.0263,0.0135,TRUE
Arthritica,0.69,0.4485,TRUE
Arthritica,1.0733,0.619,TRUE
Arthritica,0.8912,0.4997,TRUE
Arthritica,1.0288,0.5783,TRUE
Arthritica,0.6867,0.4435,TRUE
Arthritica,0.1086,0.0544,TRUE
Arthritica,0.0861,0.0435,TRUE
Arthritica,0.0488,0.0257,TRUE
Arthritica,0.0726,0.0369,TRUE
Arthritica,0.1265,0.0602,TRUE
Arthritica,0.0037,0.0031,FALSE
Arthritica,0.0589,0.0343,TRUE
Arthritica,0.0541,0.0271,TRUE
Arthritica,0.0116,0.0064,TRUE
Arthritica,0.0065,0.0038,TRUE
Arthritica,0.0555,0.019,TRUE
Arthritica,0.0457,0.0218,TRUE
Arthritica,0.0457,0.0218,TRUE
Arthritica,0.2041,0.1117,TRUE
Arthritica,0.0939,0.0493,TRUE
Arthritica,0.1607,0.0838,TRUE
Arthritica,0.23,0.1182,TRUE
Arthritica,0.0067,0.0017,FALSE
Arthritica,0.0483,0.0214,TRUE
Arthritica,0.0501,0.0252,TRUE
Arthritica,0.0118,0.0075,TRUE
Arthritica,0.0107,0.0056,TRUE
Arthritica,0.0226,0.0103,TRUE
Arthritica,0.051,0.0227,TRUE
Arthritica,0.1053,0.0478,TRUE
Arthritica,0.1213,0.0581,TRUE
Arthritica,0.0163,0.0093,TRUE
Arthritica,0.0259,0.0151,TRUE
Arthritica,0.0593,0.0277,TRUE
Arthritica,0.0547,0.0364,TRUE
Arthritica,0.1176,0.0536,TRUE
Arthritica,0.2643,0.1368,TRUE
Arthritica,0.0134,0.0064,TRUE
Arthritica,0.0273,0.0056,TRUE
Arthritica,0.0069,0.0032,TRUE
Arthritica,0.0272,0.015,TRUE
Arthritica,0.0593,0.0282,TRUE
Arthritica,0.017,0.0084,TRUE
Arthritica,0.0253,0.0127,TRUE
Arthritica,0.0198,0.0108,TRUE
Arthritica,0.0111,0.0047,TRUE
Arthritica,0.033,0.0156,TRUE
Arthritica,0.0134,0.0083,TRUE
Arthritica,0.0583,0.0077,TRUE
Arthritica,0.0034,0.001,FALSE
Arthritica,0.0049,0.0016,FALSE
Arthritica,0.0074,0.0047,TRUE
Arthritica,0.127,0.0709,TRUE
Arthritica,0.0351,0.0198,TRUE
Arthritica,0.0583,0.0202,TRUE
Arthritica,0.0389,0.0188,TRUE
Arthritica,0.035,0.0161,TRUE
Arthritica,0.0148,0.0097,TRUE
Arthritica,0.0422,0.0216,TRUE
Arthritica,0.0062,0.0037,TRUE
Arthritica,0.0151,0.0072,TRUE
Arthritica,0.0919,0.0446,TRUE
Arthritica,0.4066,0.1869,TRUE
Arthritica,0.01,0.0037,TRUE
Arthritica,0.0628,0.0312,TRUE
Arthritica,0.1254,0.0597,TRUE
Arthritica,0.0102,0.0051,TRUE
Arthritica,0.0173,0.0084,TRUE
Arthritica,0.0187,0.0099,TRUE
Arthritica,0.0073,0.0029,TRUE
Arthritica,0.012,0.0023,TRUE
Arthritica,0.0068,0.0027,TRUE
Arthritica,0.0047,0.002,TRUE
Arthritica,0.0088,0.0049,TRUE
Arthritica,0.031,0.0121,TRUE
Arthritica,0.0033,0.0019,FALSE
Arthritica,0.0323,0.0159,TRUE
Arthritica,0.0357,0.0201,TRUE
Arthritica,0.0315,0.0117,TRUE
Arthritica,0.4821,0.3165,TRUE
Arthritica,0.3492,0.2169,TRUE
Arthritica,0.0231,0.01,TRUE
Arthritica,0.0068,0.0028,TRUE
Arthritica,0.0047,0.0019,TRUE
Arthritica,0.0365,0.0164,TRUE
Arthritica,0.0139,0.0045,TRUE
Arthritica,0.0171,0.0081,TRUE
Arthritica,0.111,0.0589,TRUE
Arthritica,0.1317,0.0824,TRUE
Arthritica,0.0567,0.0166,TRUE
Arthritica,0.7438,0.4024,TRUE
Arthritica,0.3265,0.1386,TRUE
Arthritica,0.2939,0.1427,TRUE
Arthritica,0.465,0.2282,TRUE
Arthritica,0.5376,0.3086,TRUE
Arthritica,0.2183,0.0934,TRUE
Arthritica,1.0918,0.5836,TRUE
Arthritica,1.502,0.9079,FALSE
Arthritica,1.1694,0.6745,TRUE
Arthritica,1.4509,0.8371,TRUE
Arthritica,2.1345,1.1351,FALSE
Arthritica,0.234,0.1128,TRUE
Arthritica,0.5661,0.3031,TRUE
Arthritica,0.3827,0.2175,TRUE
Arthritica,0.1348,0.0739,TRUE
Arthritica,0.183,0.0872,TRUE
Arthritica,0.0846,0.0468,TRUE
Arthritica,0.138,0.0772,TRUE
Arthritica,0.932,0.4694,TRUE
Arthritica,0.6316,0.3483,TRUE
Arthritica,0.435,0.2154,TRUE
Arthritica,0.1335,0.0802,TRUE
Arthritica,0.5538,0.2555,TRUE
Arthritica,0.1442,0.0735,TRUE
Arthritica,0.3224,0.1544,TRUE
Arthritica,0.0974,0.0371,TRUE
Arthritica,0.039,0.0194,TRUE
Arthritica,0.1189,0.0695,TRUE
Arthritica,0.0468,0.0194,TRUE
Arthritica,0.2452,0.1307,TRUE
Arthritica,0.0535,0.0261,TRUE
Arthritica,0.0486,0.0214,TRUE
Arthritica,0.2215,0.1039,TRUE
Arthritica,0.418,0.2092,TRUE
Arthritica,0.2872,0.1384,TRUE
Arthritica,0.417,0.2538,TRUE
Arthritica,0.053900000000000003,0.0405,TRUE
Arthritica,0.0987,0.0562,TRUE
Arthritica,0.0169,0.0108,TRUE
Arthritica,0.7684,0.3984,TRUE
Arthritica,0.3213,0.1579,TRUE
Arthritica,0.0299,0.0128,TRUE
Arthritica,0.295,0.1228,TRUE
Arthritica,0.441,0.2449,TRUE
Arthritica,0.4874,0.2144,TRUE
Arthritica,0.4124,0.2053,TRUE
Arthritica,0.7108,0.3218,TRUE
Arthritica,0.2062,0.097,TRUE
Arthritica,0.1558,0.0993,TRUE
Arthritica,0.2995,0.1472,TRUE
Arthritica,0.3442,0.1511,TRUE
Arthritica,0.3733,0.231,TRUE
Arthritica,0.1444,0.0873,TRUE
Arthritica,0.0596,0.0367,TRUE
Arthritica,0.2817,0.1406,TRUE
Arthritica,0.6514,0.3123,TRUE
Arthritica,1.3769,0.6252,FALSE
Arthritica,0.602,0.2907,TRUE
Arthritica,0.6105,0.296,TRUE
Hydrobiidae,0.8027,0.4704,FALSE
Hydrobiidae,0.5597,0.3114,TRUE
Hydrobiidae,0.6787,0.3948,TRUE
Hydrobiidae,0.2944,0.1738,TRUE
Hydrobiidae,0.4679,0.2754,TRUE
Hydrobiidae,0.2494,0.1541,TRUE
Hydrobiidae,0.5605,0.3522,FALSE
Hydrobiidae,0.4483,0.2702,TRUE
Hydrobiidae,0.6215,0.381,FALSE
Hydrobiidae,0.6955,0.4177,FALSE
Hydrobiidae,0.5722,0.3674,FALSE
Hydrobiidae,0.0537,0.0347,TRUE
Hydrobiidae,0.0429,0.0268,TRUE
Hydrobiidae,0.316,0.1891,TRUE
Hydrobiidae,0.1583,0.095,TRUE
Hydrobiidae,0.0866,0.0514,TRUE
Hydrobiidae,0.0754,0.047,TRUE
Hydrobiidae,0.109,0.0667,TRUE
Hydrobiidae,0.7296,0.4515,FALSE
Hydrobiidae,0.1416,0.0698,TRUE
Hydrobiidae,0.0549,0.0297,TRUE
Hydrobiidae,0.0756,0.0378,TRUE
Hydrobiidae,0.0657,0.0293,TRUE
Hydrobiidae,0.0532,0.0288,TRUE
Hydrobiidae,0.1476,0.0691,TRUE
Hydrobiidae,0.0823,0.0369,TRUE
Hydrobiidae,0.1436,0.0768,TRUE
Hydrobiidae,0.0839,0.0433,TRUE
Hydrobiidae,0.0968,0.0503,TRUE
Hydrobiidae,0.0391,0.0223,TRUE
Hydrobiidae,0.0371,0.0198,TRUE
Hydrobiidae,0.1873,0.0927,TRUE
Hydrobiidae,0.1037,0.0528,TRUE
Hydrobiidae,0.0046,0.0023,TRUE
Hydrobiidae,0.0705,0.032,TRUE
Hydrobiidae,0.0217,0.0071,TRUE
Hydrobiidae,0.0041,0.0021,TRUE
Hydrobiidae,0.0983,0.0557,TRUE
Hydrobiidae,0.3561,0.2098,TRUE
Hydrobiidae,0.6041,0.35,TRUE
Hydrobiidae,0.5981,0.3481,TRUE
Hydrobiidae,0.5434,0.3104,TRUE
Hydrobiidae,0.0188,0.0105,TRUE
Hydrobiidae,0.023,0.0142,TRUE
Hydrobiidae,0.1181,0.0692,TRUE
Hydrobiidae,0.3054,0.1774,TRUE
Hydrobiidae,0.3789,0.2128,TRUE
Hydrobiidae,0.0215,0.0127,TRUE
Hydrobiidae,0.0141,0.0071,TRUE
Hydrobiidae,0.0055,0.0032,TRUE
Hydrobiidae,0.0273,0.0174,TRUE
Hydrobiidae,0.0632,0.0312,TRUE
Hydrobiidae,0.0154,0.0074,TRUE
Hydrobiidae,0.0327,0.0156,TRUE
Hydrobiidae,0.0422,0.018,TRUE
Hydrobiidae,0.0824,0.0386,TRUE
Hydrobiidae,0.0297,0.0174,TRUE
Hydrobiidae,0.4207,0.2781,TRUE
Hydrobiidae,0.1383,0.0778,TRUE
Hydrobiidae,0.1477,0.0782,TRUE
Hydrobiidae,0.0205,0.0092,TRUE
Hydrobiidae,0.0026,0.001,FALSE
Hydrobiidae,0.0433,0.0197,TRUE
Hydrobiidae,0.0044,0.0014,FALSE
Hydrobiidae,0.0409,0.0247,TRUE
Hydrobiidae,0.0937,0.0558,TRUE
Hydrobiidae,0.0318,0.0187,TRUE
Hydrobiidae,0.1903,0.1158,TRUE
Hydrobiidae,0.0506,0.0312,TRUE
Hydrobiidae,0.0265,0.0152,TRUE
Hydrobiidae,0.103,0.0661,TRUE
Hydrobiidae,0.134,0.0863,TRUE
Hydrobiidae,0.2469,0.157,TRUE
Hydrobiidae,0.0595,0.0305,TRUE
Hydrobiidae,0.0782,0.0489,TRUE
Hydrobiidae,0.1296,0.0817,TRUE
Hydrobiidae,0.214,0.1327,TRUE
Hydrobiidae,0.6413,0.3916,FALSE
Hydrobiidae,0.2247,0.1398,TRUE
Hydrobiidae,0.0227,0.0138,TRUE
Hydrobiidae,0.0052,0.0027,TRUE
Hydrobiidae,0.0165,0.0095,TRUE
Hydrobiidae,0.0181,0.0111,TRUE
Hydrobiidae,0.0045,0.002,TRUE
Hydrobiidae,0.4388,0.2854,TRUE
Hydrobiidae,0.129,0.0846,TRUE
Hydrobiidae,0.0592,0.0407,TRUE
Hydrobiidae,0.0234,0.0148,TRUE
Hydrobiidae,0.0307,0.0198,TRUE
Hydrobiidae,0.0027,0.0016,TRUE
Hydrobiidae,0.002,0.0016,FALSE
Hydrobiidae,0.008,0.0044,TRUE
Hydrobiidae,0.1202,0.0724,TRUE
Hydrobiidae,0.0789,0.0453,TRUE
Hydrobiidae,0.1631,0.1033,TRUE
Hydrobiidae,0.1115,0.0734,TRUE
Hydrobiidae,0.2975,0.1742,TRUE
Hydrobiidae,0.0227,0.0146,TRUE
Hydrobiidae,0.0181,0.0108,TRUE
Hydrobiidae,0.0333,0.0147,TRUE
Hydrobiidae,0.0073,0.0032,TRUE
Hydrobiidae,0.2994,0.1486,TRUE
Hydrobiidae,0.6081,0.3821,FALSE
Hydrobiidae,0.6081,0.3821,FALSE
Hydrobiidae,0.0034,0.0017,TRUE
Hydrobiidae,0.0025,0.0016,FALSE
Hydrobiidae,0.0027,0.0015,FALSE
Hydrobiidae,0.0325,0.0195,TRUE
Hydrobiidae,0.079,0.0463,TRUE
Hydrobiidae,0.907,0.4296,FALSE
Hydrobiidae,0.2888,0.1536,TRUE
Hydrobiidae,0.3571,0.2034,TRUE
Hydrobiidae,0.044,0.0209,TRUE
Hydrobiidae,0.066,0.0299,TRUE
Hydrobiidae,0.2075,0.1248,TRUE
Hydrobiidae,0.1654,0.1086,TRUE
Hydrobiidae,1.1439,0.7069,FALSE
Hydrobiidae,0.8326,0.5277,FALSE
Hydrobiidae,0.0018,0.0012,FALSE
Hydrobiidae,0.1467,0.0821,TRUE
Hydrobiidae,0.1534,0.0859,TRUE
Hydrobiidae,0.0495,0.0269,TRUE
Hydrobiidae,1.6096,0.749,FALSE
Hydrobiidae,1.2144,0.5227,FALSE
Hydrobiidae,0.5295,0.2443,FALSE
Hydrobiidae,0.2468,0.1383,TRUE
Hydrobiidae,0.0551,0.0278,TRUE
Hydrobiidae,0.1353,0.0748,TRUE
Hydrobiidae,0.0422,0.024,TRUE
Hydrobiidae,0.0296,0.0161,TRUE
Hydrobiidae,0.0432,0.0222,TRUE
Hydrobiidae,1.7717,0.939,FALSE
Hydrobiidae,0.5163,0.3067,TRUE
Hydrobiidae,0.002,0.0017,FALSE
Hydrobiidae,0.0243,0.0125,TRUE
Hydrobiidae,0.0424,0.0214,TRUE
Hydrobiidae,0.3447,0.1904,TRUE
Hydrobiidae,0.0124,0.0078,TRUE
Hydrobiidae,0.0269,0.011,TRUE
Hydrobiidae,0.056,0.0249,TRUE
Hydrobiidae,0.118,0.0648,TRUE
Hydrobiidae,0.1097,0.0591,TRUE
Hydrobiidae,0.1665,0.0941,TRUE
Hydrobiidae,0.01,0.0044,TRUE
Hydrobiidae,0.007,0.0029,TRUE
Hydrobiidae,0.1364,0.0802,TRUE
Hydrobiidae,0.2727,0.122,TRUE
Hydrobiidae,0.0153,0.0096,TRUE
Hydrobiidae,0.0365,0.0209,TRUE
Hydrobiidae,0.0183,0.0102,TRUE
Hydrobiidae,0.017,0.0114,TRUE
Hydrobiidae,0.0957,0.042,TRUE
Hydrobiidae,0.039,0.0154,TRUE
Hydrobiidae,0.0132,0.007,TRUE
Hydrobiidae,0.029,0.0141,TRUE
Hydrobiidae,0.1294,0.0635,TRUE
Salinator,0.0222,0.0084,TRUE
Salinator,0.366,0.1445,TRUE
Salinator,0.0079,0.0036,TRUE
Salinator,0.8767,0.3623,FALSE
Salinator,0.9316,0.3961,FALSE
Salinator,0.0132,0.0036,TRUE
Salinator,0.0073,0.003,TRUE
Salinator,0.0068,0.0019,TRUE
Salinator,0.0161,0.0045,TRUE
Salinator,0.5356,0.201,TRUE
Salinator,0.2582,0.1182,TRUE
Salinator,0.4869,0.1759,TRUE
Salinator,0.1766,0.0659,TRUE
Salinator,0.1799,0.0784,TRUE
Salinator,0.6032,0.2449,TRUE
Salinator,0.0034,0.002,FALSE
Salinator,0.0053,0.0017,FALSE
Salinator,0.0197,0.0096,TRUE
Salinator,0.3776,0.1564,TRUE
Salinator,0.0113,0.0057,TRUE
Salinator,0.0075,0.0034,TRUE
Salinator,0.0255,0.01,TRUE
Salinator,0.0525,0.0234,TRUE
Salinator,0.0412,0.0171,TRUE
Salinator,0.0213,0.0081,TRUE
Salinator,0.0617,0.0264,TRUE
Salinator,0.0257,0.0068,TRUE
Salinator,0.1159,0.033,TRUE
Salinator,0.2942,0.0719,FALSE
Salinator,0.0451,0.0197,TRUE
Salinator,0.0125,0.0047,TRUE
Salinator,0.3727,0.1409,TRUE
Salinator,0.0136,0.0065,TRUE
Salinator,2.06,0.8702,FALSE
Salinator,0.1565,0.0667,TRUE
Salinator,0.1068,0.0381,TRUE
Salinator,0.4485,0.1816,TRUE
Salinator,0.6782,0.2793,TRUE
Salinator,0.3252,0.1431,TRUE
Salinator,0.6694,0.2823,TRUE
Salinator,0.0861,0.0354,TRUE
Salinator,0.3865,0.1668,TRUE
Salinator,0.049,0.0221,TRUE
Salinator,0.0056,0.0031,TRUE
Salinator,0.013,0.0051,TRUE
Salinator,0.1292,0.0402,TRUE
Salinator,0.0481,0.0199,TRUE
Salinator,0.0218,0.0087,TRUE
Salinator,0.3965,0.1446,TRUE
Salinator,0.7639,0.2498,FALSE
Salinator,0.1142,0.0384,TRUE
Salinator,0.0026,0.0013,FALSE
Salinator,0.264,0.0999,TRUE
Salinator,0.0416,0.0187,TRUE
Salinator,0.094,0.0304,TRUE
Salinator,0.3059,0.1362,TRUE
Salinator,0.2004,0.0821,TRUE
Salinator,0.3224,0.1068,TRUE
Salinator,0.7958,0.2859,FALSE
Salinator,0.2815,0.1019,TRUE
Salinator,0.7513,0.2428,FALSE
Salinator,0.0149,0.0063,TRUE
Salinator,0.2062,0.0769,TRUE
Salinator,0.935,0.3415,FALSE
Salinator,0.854,0.3432,TRUE
Salinator,0.1496,0.0848,TRUE
Salinator,0.1852,0.0682,TRUE
Salinator,0.2165,0.0774,TRUE
Salinator,0.4385,0.1717,TRUE
Salinator,0.2218,0.0844,TRUE
Salinator,0.279,0.1061,TRUE
Phyllodoce,0.23,0.0122,TRUE
Phyllodoce,0.1301,0.0045,TRUE
Phyllodoce,0.1456,0.0099,TRUE
Phyllodoce,0.1581,0.0108,TRUE
Phyllodoce,0.3147,0.0197,TRUE
Phyllodoce,0.0602,0.0032,TRUE
Phyllodoce,0.1571,0.013,TRUE
Phyllodoce,0.2287,0.0099,TRUE
Phyllodoce,0.24,0.0129,TRUE
Phyllodoce,0.1843,0.0156,TRUE
Phyllodoce,0.189,0.0112,TRUE
Phyllodoce,0.1557,0.0074,TRUE
Phyllodoce,0.2137,0.0081,TRUE
Phyllodoce,0.802,0.0448,FALSE
Phyllodoce,1.0145,0.109,FALSE
Phyllodoce,0.0757,0.0036,TRUE
Phyllodoce,0.0373,0.0011,FALSE
Phyllodoce,0.1703,0.0053,TRUE
Phyllodoce,0.111,0.0056,TRUE
Phyllodoce,0.0341,0.0024,TRUE
Phyllodoce,0.0535,0.0022,TRUE
Phyllodoce,0.5191,0.0354,TRUE
Phyllodoce,0.0102,0.0019,FALSE
Phyllodoce,0.2867,0.0185,TRUE
Phyllodoce,0.6573,0.0513,TRUE
Nephtys,0.1104,0.0061,TRUE
Nephtys,0.0957,0.0073,TRUE
Nephtys,0.1328,0.0076,TRUE
Nephtys,0.6461,0.0396,TRUE
Nephtys,0.2462,0.0145,TRUE
Nephtys,0.3121,0.0278,TRUE
Nephtys,0.1525,0.011,TRUE
Nephtys,0.8565,0.0769,FALSE
Nephtys,0.2457,0.0157,TRUE
Nephtys,0.0173,0.0011,FALSE
Nephtys,0.1303,0.0077,TRUE
Nephtys,0.3828,0.0316,TRUE
Nephtys,0.282,0.0148,TRUE
Nephtys,0.1374,0.0088,TRUE
Nephtys,0.3615,0.0285,TRUE
Nephtys,0.5936,0.0638,FALSE
Nephtys,0.023,0.0023,FALSE
Nephtys,0.0394,0.002,FALSE
Nephtys,0.1772,0.0135,TRUE
Nephtys,0.5949,0.037,TRUE
Nephtys,0.5946,0.0565,FALSE
Nephtys,0.616,0.0415,TRUE
Nephtys,0.4803,0.0293,TRUE
Nephtys,0.3309,0.0199,TRUE
Nephtys,0.0997,0.0083,TRUE
Nephtys,1.2687,0.0975,FALSE
Nephtys,0.2251,0.0174,TRUE
Nephtys,0.0879,0.0057,TRUE
Nephtys,0.1893,0.0148,TRUE
Nephtys,0.1453,0.0106,TRUE
Nephtys,0.0892,0.0075,TRUE
Nephtys,0.0892,0.0075,TRUE
Nephtys,0.1297,0.0112,TRUE
Nephtys,0.1618,0.0097,TRUE
Nephtys,0.2677,0.0221,TRUE
Nephtys,0.5897,0.0399,TRUE
Nephtys,0.1051,0.0044,TRUE
Nephtys,1.5692,0.1098,FALSE
Nephtys,0.6142,0.0296,FALSE
Nephtys,0.0767,0.0076,TRUE
Nephtys,0.167,0.014,TRUE
Nephtys,0.9865,0.0709,FALSE
Nephtys,0.3386,0.0151,TRUE
Nephtys,0.373,0.0278,TRUE
Nephtys,0.2395,0.0165,TRUE
Capitella,0.0052,0.0018,TRUE
Capitella,0.0252,0.001,TRUE
Capitella,0.0295,0.001,TRUE
Capitella,0.0194,0.0015,TRUE
Capitella,0.1212,0.0074,TRUE
Capitella,0.0312,0.0016,TRUE
Capitella,0.0907,0.0098,TRUE
Capitella,0.2818,0.0137,TRUE
Capitella,0.2619,0.0141,TRUE
Capitella,0.1671,0.0111,TRUE
Capitella,0.0593,0.0036,TRUE
Capitella,0.2022,0.0098,TRUE
Capitella,0.2399,0.0118,TRUE
Capitella,0.4026,0.0154,TRUE
Capitella,0.2582,0.0121,TRUE
Capitella,0.4511,0.0254,FALSE
Capitella,0.1702,0.0055,TRUE
Capitella,0.1534,0.0088,TRUE
Capitella,0.1438,0.0068,TRUE
Capitella,0.249,0.0134,TRUE
Capitella,0.3416,0.0348,FALSE
Capitella,0.7215,0.0361,FALSE
Capitella,0.0154,0.001,TRUE
Capitella,0.4005,0.0169,TRUE
Capitella,0.1483,0.0042,TRUE
Capitella,0.1167,0.0041,TRUE
Capitella,0.0535,0.0037,TRUE
Capitella,0.1834,0.0038,TRUE
Capitella,0.0648,0.0032,TRUE
Capitella,0.0274,0.0014,TRUE
Capitella,0.0973,0.004,TRUE
Capitella,0.0341,0.0018,TRUE
Capitella,0.0791,0.004,TRUE
Capitella,0.054,0.0016,TRUE
Capitella,0.0787,0.0019,TRUE
Capitella,0.0638,0.0027,TRUE
Capitella,0.0719,0.0055,TRUE
Capitella,0.1003,0.0086,TRUE
Capitella,0.2808,0.0181,TRUE
Capitella,0.1583,0.0127,TRUE
Capitella,0.147,0.008,TRUE
Capitella,0.0924,0.0032,TRUE
Capitella,0.0527,0.002,TRUE
Capitella,0.0315,0.0034,TRUE
Capitella,0.0258,0.0023,TRUE
Capitella,0.0443,0.0018,TRUE
Capitella,0.2627,0.0098,TRUE
Capitella,0.3015,0.0175,TRUE
Capitella,0.796,0.0252,FALSE
Capitella,0.1851,0.0138,TRUE
Capitella,0.0346,0.0022,TRUE
Capitella,0.3185,0.0213,TRUE
Capitella,0.1708,0.0105,TRUE
Capitella,0.1485,0.0075,TRUE
Capitella,0.1093,0.0102,TRUE
Capitella,0.5869,0.0261,FALSE
Capitella,0.275,0.0322,FALSE
Capitella,0.7694,0.0346,FALSE
Capitella,0.151,0.0113,TRUE
Capitella,0.1006,0.0048,TRUE
Capitella,0.0186,0.0019,TRUE
Capitella,0.0196,0.0012,TRUE
Capitella,0.0125,0.001,TRUE
Capitella,0.1635,0.0083,TRUE
Capitella,0.1001,0.0058,TRUE
Capitella,0.1193,0.0154,TRUE
Capitella,0.1418,0.0157,TRUE
Capitella,0.0357,0.0017,TRUE
Capitella,0.0858,0.0096,TRUE
Capitella,0.1636,0.0054,TRUE
Capitella,0.0665,0.0024,TRUE
Capitella,0.0329,0.0022,TRUE
Capitella,0.2088,0.0067,TRUE
Capitella,0.0237,0.0026,TRUE
Capitella,0.0193,0.003,TRUE
Capitella,0.0163,0.0023,TRUE
Capitella,0.0444,0.0051,TRUE
Capitella,0.0242,0.0014,TRUE
Capitella,0.0026,0.002,FALSE
Capitella,0.0175,0.0014,TRUE
Capitella,0.0379,0.0015,TRUE
Capitella,0.0021,0.0016,FALSE
Capitella,0.0494,0.0047,TRUE
Capitella,0.012,0.001,TRUE
Capitella,0.0336,0.0011,TRUE
Capitella,0.0288,0.0038,TRUE
Capitella,0.0965,0.005,TRUE
Capitella,0.1324,0.0095,TRUE
Capitella,0.098,0.0067,TRUE
Capitella,0.043,0.0029,TRUE
Capitella,0.1239,0.0078,TRUE
Capitella,0.049,0.0033,TRUE
Capitella,0.0394,0.002,TRUE
Capitella,0.0206,0.0024,TRUE
Capitella,0.3977,0.0321,FALSE
Capitella,0.3193,0.0173,TRUE
Capitella,0.0042,0.0019,FALSE
Capitella,0.0493,0.0028,TRUE
Capitella,0.0176,0.0028,TRUE
Capitella,0.0328,0.0017,TRUE
Capitella,0.5291,0.0148,FALSE
Capitella,0.4388,0.0144,FALSE
Capitella,0.0422,0.0032,TRUE
Capitella,0.1453,0.0049,TRUE
Capitella,0.0415,0.0045,TRUE
Capitella,0.0547,0.0024,TRUE
Capitella,0.0428,0.004,TRUE
Capitella,0.1025,0.0045,TRUE
Capitella,0.0236,0.0014,TRUE
Capitella,0.1042,0.0093,TRUE
Capitella,0.0887,0.0049,TRUE
Capitella,0.0341,0.0011,TRUE
Capitella,0.2209,0.0073,TRUE
Capitella,0.1768,0.0066,TRUE
Capitella,0.2086,0.0146,TRUE
Capitella,0.218,0.0178,TRUE
Soletellina,0.0482,0.0045,TRUE
Soletellina,3.9624,0.4797,FALSE
Soletellina,0.7017,0.1273,TRUE
Soletellina,3.0916,0.3562,FALSE
Soletellina,0.5483,0.1202,TRUE
Soletellina,0.0453,0.0057,TRUE
Soletellina,0.0216,0.0022,TRUE
Soletellina,0.0715,0.0052,TRUE
Soletellina,0.0161,0.0011,FALSE
Soletellina,0.0172,0.0058,TRUE
Soletellina,0.0157,0.003,TRUE
Soletellina,0.2349,0.0417,TRUE
Soletellina,0.1226,0.0118,TRUE
Soletellina,1.6241,0.238,TRUE
Soletellina,1.0929,0.1051,TRUE
Soletellina,0.3294,0.0359,TRUE
Soletellina,0.1595,0.0186,TRUE
Soletellina,2.2,0.332,TRUE
Soletellina,2.0391,0.3561,TRUE
Soletellina,0.1805,0.0276,TRUE
Soletellina,1.0084,0.1272,TRUE
Soletellina,1.6575,0.4554,FALSE
Soletellina,1.6231,0.2605,TRUE
Soletellina,1.5227,0.2029,TRUE
Soletellina,2.1026,0.2915,TRUE
Soletellina,1.2017,0.2097,TRUE
Soletellina,0.0074,0.0023,FALSE
Soletellina,0.4661,0.0453,TRUE
Soletellina,0.2153,0.0382,TRUE
Soletellina,0.246,0.0389,TRUE
Soletellina,0.0721,0.0095,TRUE
Soletellina,0.3382,0.0593,TRUE
Soletellina,0.0761,0.0116,TRUE
Soletellina,0.3,0.0281,TRUE
Soletellina,1.5665,0.3296,FALSE
Soletellina,1.9817,0.2396,TRUE
Soletellina,1.0287,0.1449,TRUE
Soletellina,0.0213,0.0015,TRUE
Soletellina,1.9317,0.2631,TRUE
Spisula,0.4231,0.0626,TRUE
Spisula,0.6251,0.0613,TRUE
Spisula,0.1697,0.0289,TRUE
Spisula,0.6106,0.1101,TRUE
Spisula,0.7517,0.1869,TRUE
Spisula,0.6516,0.1699,TRUE
Spisula,0.0114,0.0022,FALSE
Spisula,0.8555,0.1081,TRUE
Spisula,0.5502,0.1258,TRUE
Spisula,0.106,0.0075,TRUE
Spisula,0.7727,0.278,FALSE
Spisula,1.1696,0.3496,FALSE
Spisula,0.5133,0.0835,TRUE
Spisula,0.8432,0.0975,TRUE
Spisula,0.6821,0.0714,TRUE
Spisula,0.0727,0.0041,TRUE
Spisula,0.1001,0.007,TRUE
Spisula,0.3419,0.0414,TRUE
Spisula,0.0351,0.0068,TRUE
Spisula,6.2562,0.7866,FALSE
Spisula,2.9886,0.4079,FALSE
Spisula,1.3162,0.1732,TRUE
Spisula,0.599,0.1171,TRUE
Spisula,0.3423,0.0247,TRUE
Spisula,0.0509,0.0043,TRUE
Spisula,0.0416,0.0252,TRUE
Spisula,0.0053,0.0049,FALSE
Mysidacea,0.0073,0.0018,TRUE
Mysidacea,0.0212,0.0026,TRUE
Mysidacea,0.0153,0.0029,TRUE
Mysidacea,0.0171,0.0032,TRUE
Mysidacea,0.0138,0.0014,TRUE
Mysidacea,0.0081,0.0013,TRUE
Mysidacea,0.0189,0.0031,TRUE
Mysidacea,0.0144,0.0047,TRUE
Mysidacea,0.02,0.0046,TRUE
Mysidacea,0.0112,0.0017,TRUE
Mysidacea,0.0894,0.0147,TRUE
Mysidacea,0.0327,0.0063,TRUE
Mysidacea,0.0184,0.003,TRUE
Mysidacea,0.0068,0.0014,TRUE
Mysidacea,0.0585,0.0085,TRUE
Mysidacea,0.0739,0.0129,TRUE
Mysidacea,0.1661,0.029,FALSE
Mysidacea,0.0607,0.009,TRUE
Mysidacea,0.0199,0.0034,TRUE
Mysidacea,0.0533,0.0088,TRUE
Mysidacea,0.0384,0.0032,TRUE
Mysidacea,0.0127,0.0023,TRUE
Mysidacea,0.0374,0.0045,TRUE
Mysidacea,0.0089,0.0022,TRUE
Mysidacea,0.0077,0.0018,TRUE
Mysidacea,0.0109,0.0028,TRUE
Mysidacea,0.0377,0.0045,TRUE
Mysidacea,0.0065,0.0015,TRUE
Mysidacea,0.0395,0.005,TRUE
Mysidacea,0.0061,0.001,FALSE
Mysidacea,0.028,0.0043,TRUE
Mysidacea,0.0101,0.0018,TRUE
Mysidacea,0.0147,0.0012,TRUE
Mysidacea,0.0134,0.002,TRUE
Mysidacea,0.0171,0.0016,TRUE
Mysidacea,0.1181,0.0124,FALSE
Mysidacea,0.0225,0.0016,TRUE
Mysidacea,0.0136,0.0016,TRUE
Mysidacea,0.0079,0.002,TRUE
Mysidacea,0.0188,0.0013,TRUE
Mysidacea,0.0931,0.0098,FALSE
